Champion,Cost,Role,Damage Type,Origin 1,Origin 2,Class 1,Class 2,Range,Summary,Skill Description,Step,Skill Type,Trigger (When),Condition (Only if),Action Source,Legacy action,Aim Target,Offset,AOE (hex),Skill Range,Count,Volley Shape,Fire Timing,Cast (s),Effect Recipient,Effect Category,Effect Detail,Amount,Scaling Type,Scaling,Effect Cadence,Effect Duration (s)
Kayle,1 Gold,Marksman,AP,Demacia,,Slayer,,4,Scaling Auto Attacker,Passive scales with Tactician level. Lvl 1: attacks deal bonus damage. Lvl 6: every 3rd attack launches a wave dealing damage and 20% Shred MR for 3s. Lvl 9: every attack launches a farther wave.,0.1,Passive,On Attack,Lvl 1-5,Self,Bonus on AA,Current,—,—,4,1,—,—,—,Same to Aim Target,Attack,Damage,30/45/70% AP,—,—,Once,—
,,,,,,,,,,,,,On 3rd Attack,Lvl 6-8,,Pierce Projectile,,default,unknown,,,,,,Enemies in path,Attack,Damage,30/45/70% AP,—,—,Once,—
,,,,,,,,,,,,,,,,,,,,,,,,,Enemies in path,Debuff,MR,20%,—,—,Once,3
,,,,,,,,,,,,,On Attack,Lvl 9+,,,,,,,,,,,Enemies in path (farther),Attack,Damage,30/45/70% AP,—,—,Once,—
Poppy,1 Gold,Tank,AP,Demacia,Yordle,Bastion,,1,Shield Tank,"Throw a projectile at an enemy for damage, then shield self when it returns.",1,Active,On Cast,—,Self,Homing Projectile,Current,default,default,1,1,—,—,—,Same to Aim Target,Attack,Damage,160/240/360% AP,—,—,Once,—
,,,,,,,,,,,2,Active,After Step 1,—,Self,Receive Projectile,Self,default,default,1,1,—,—,—,Same to Aim Target,Buff,Shield,250/325/400% AP,—,—,Once,4
Galio,2 Gold,Tank,AP,Demacia,,Invoker,,1,AOE Damage Tank,"Channel for 2s reducing incoming damage and healing self; on finish, deal circular AOE damage.",1,Active,While Channeling,—,Self,Cast,Self,—,—,1,—,—,—,2,Same to Aim Target,Buff,Heal,300/350/400% AP,—,—,Every 0.5s,2
,,,,,,,,,,,,,,,,,,,,,,,,,Same to Aim Target,Buff,Damage Reduction,25/25/35%,—,—,Once,
,,,,,,,,,,,2,Active,After Step 1,—,Self,Circle AOE,Self,centred,Circle 2 hex,1,1,—,—,—,Enemies in area,Attack,Damage,200/300/450% AP,—,—,Once,—
Garen,3 Gold,Fighter,AD,Demacia,,Juggernaut,,1,Beyblade Juggernaut,"Spin like a beyblade for 4s, dealing circular AOE damage over time.",1,Active,On Cast,—,Self,Zone AOE,Self,centred,Circle 1 hex,1,1,—,—,4,Enemies in area,Attack,Damage,80/82/85% AD,Per Tick,per spin,Every spin,4
Sona,3 Gold,Mage,AP,Demacia,,Multicaster,,4,AOE Spell Spammer,Send a wave at the clustered enemy; damage falls off per enemy hit. Allies hit are buffed instead.,1,Active,On Cast,—,Self,Pierce Projectile,Clustered,default,Box 1.5x2,4,1,—,—,—,Enemies in path,Attack,Damage,170/255/420% AP,Falloff per hit,−33% per hit,Once,—
,,,,,,,,,,,,,,,,,,,,,,,,,Allies in path,Buff,Attack Speed,20/25/35%,—,—,Once,Permanent
Jarvan IV,4 Gold,Tank,AP,Demacia,,Strategist,,1,AOE Stun Tank,Leap into the clustered enemy; on landing deal circular AOE damage and Stun.,1,Active,On Cast,—,Self,Move,Clustered,—,—,1,—,—,—,—,Self,Movement,(reposition),—,—,—,—,—
,,,,,,,,,,,2,Active,After Step 1,—,Self,Circle AOE,Self,centred,Circle 2 hex,1,1,—,—,—,Enemies in area,Attack,Damage,140/210/800% AP,—,—,Once,—
,,,,,,,,,,,,,,,,,,,,,,,,,Enemies in area,Status,Stun,—,—,—,Once,1.5/2/8
Lux,4 Gold,Mage,AP,Demacia,,Sorcerer,,4,Laser Spell Spammer,"Laser the current target for 3s, dealing damage over time and shredding MR over time.",1,Active,On Cast,—,Self,Current Target Laser,Current,—,default,4,1,—,—,3,Same to Aim Target,Attack,Damage,735/1100/2750% AP,—,—,Every 0.5s,3
,,,,,,,,,,,,,,,,,,,,,,,,,Same to Aim Target,Debuff,MR,15/15/40 /s,—,—,Every 0.5s,3
Cassiopeia,1 Gold,Mage,AP,Noxus,Shurima,Invoker,,4,Single-Target Spell Spammer,Damage the current target and Wound it; the damage is amplified if the target is already Wounded.,1,Active,On Cast,If Target Wounded,Self,Homing Projectile,Current,default,default,4,1,—,—,—,Same to Aim Target,Attack,Damage,160/240/360% AP,Conditional Bonus,+30% if Wounded,Once,—
,,,,,,,,,,,,,,,,,,,,,,,,,Same to Aim Target,Status,Wound,—,—,—,Once,5
Samira,1 Gold,Marksman,AD,Noxus,,Challenger,,4,Single-Target Shred Spammer,Shoot the current target for damage and permanently shred a flat amount of DEF.,1,Active,On Cast,—,Self,First hit Projectile,Current,default,default,4,1,—,—,—,Same to Aim Target,Attack,Damage,190/190/200% AD,—,—,Once,—
,,,,,,,,,,,,,,,,,,,,,,,,,Same to Aim Target,Debuff,DEF,10/15/20,Derived,+AP,Once,Permanent
Kled,2 Gold,Tank,AD,Noxus,Yordle,Slayer,,1,AA Juggernaut,"Passive: start with +30% bonus HP; when it expires, gain a permanent stacking Attack Speed boost. Active: gain new bonus HP.",0.1,Passive,Game Start,—,Self,Cast,Self,—,—,1,—,—,—,—,Same to Aim Target,Buff,Bonus HP,30% max HP,—,—,Once,—
,,,,,,,,,,,0.2,Passive,On Bonus-HP Expire,—,Self,Cast,Self,—,—,1,—,—,—,—,Same to Aim Target,Buff,Attack Speed,65/70/75% AP,Stacking,stacking,Once,Permanent
,,,,,,,,,,,1,Active,On Cast,—,Self,Cast,Self,—,—,1,—,—,—,—,Same to Aim Target,Buff,Bonus HP,30% max HP,—,—,Once,—
Swain,2 Gold,Tank,AP,Noxus,,Strategist,Sorcerer,2,Transforming AOE Tank,"Transform to gain bonus max HP, then deal circular AOE magic damage over time. If already transformed, gain more HP and deal a burst.",1,Active,On Cast,If not Transformed,Self,Cast,Self,—,—,2,—,—,—,—,Same to Aim Target,Buff,Bonus HP,325/375/550% AP,—,—,Once,—
,,,,,,,,,,,,,,If Already Transformed,,Circle AOE,,centred,unknown,,1,,,,Same to Aim Target,Buff,Bonus HP,225/260/385% AP,—,—,Once,—
,,,,,,,,,,,,,,,,,,,,,,,,,Enemies in area,Attack,Damage,100/160/300% AP,Burst,burst,Once,—
,,,,,,,,,,,0.1,Passive,When Transformed,—,Self,Zone AOE,Self,centred,unknown,2,1,—,—,—,Enemies in area,Attack,Damage,25/40/60% AP,Per Tick,per second,Every 0.5s,—
Darius,3 Gold,Fighter,AD,Noxus,,Juggernaut,,1,Executing Melee Carry,"Strike the current target for heavy physical damage; if it kills the target, immediately recast on a new target.",1,Active,On Cast,—,Self,Cast,Current,—,—,1,—,—,—,—,Same to Aim Target,Attack,Damage,350% AD + 55/80/110% AP,—,—,Once,—
,,,,,,,,,,,2,Active,On Kill,—,Self,Cast,Current (new),—,—,1,—,—,—,—,Same to Aim Target,Attack,Damage,90/95/100% of cast,—,—,Once,—
Katarina,3 Gold,Assassin,AP,Noxus,,Rogue,,1,AOE Wound Assassin,"Throw three daggers at nearby enemies, blink to each, and deal circular AOE magic damage plus Wound to adjacent enemies.",1,Active,On Cast,—,Self,Cast,Clustered,—,—,1,—,—,—,—,Self,Movement,(setup),—,—,—,—,—
,,,,,,,,,,,2,Active,After Step 1,—,Self,Move,Clustered,—,—,1,—,—,—,—,Self,Movement,(reposition),—,—,—,—,—
,,,,,,,,,,,3,Active,After Step 2,—,Self,Circle AOE,Self,centred,Circle 1 hex,1,1,—,—,—,Enemies in area,Attack,Damage,145/220/350% AP,—,—,Once,—
,,,,,,,,,,,,,,,,,,,,,,,,,Enemies in area,Status,Wound,—,—,—,Once,6
Sion,5 Gold,Tank,AD,Noxus,,Bruiser,,1,Charging Stun Tank,"Charge into the largest enemy cluster, dealing physical damage and Stunning enemies in the path. Passive: revive once on death with decaying HP, immune to CC and gaining Attack Speed.",1,Active,On Cast,—,Self,Charge,Clustered,default,default,1,—,—,—,—,Enemies in path,Attack,Damage,225/235/500% AD,—,—,Once,—
,,,,,,,,,,,,,,,,,,,,,,,,,Enemies in path,Status,Stun,—,—,—,Once,1.25/1.5/15
,,,,,,,,,,,0.1,Passive,On Death,—,Self,Cast,Self,—,—,1,—,—,—,—,Same to Aim Target,Buff,Bonus HP,100% HP,Decay,20/13/0% per second,Once,—
,,,,,,,,,,,,,,,,,,,,,,,,,Same to Aim Target,Buff,Attack Speed,1.5/1.5/10% AP,—,—,Once,—
Irelia,1 Gold,Tank,AP,Ionia,,Bastion,,1,Decaying Shield Tank,"Ionia Bonus: +25 Armor and Magic Resist. Active: enter a defensive stance and gain a Shield that rapidly decays over 3s. When it expires, deal circular AOE magic damage plus 30% of the damage absorbed to enemies around and in front of her.",0.1,Passive,Game Start,If Ionia Active,Self,Cast,Self,—,—,1,—,—,—,—,Same to Aim Target,Buff,Armor,25,—,—,Once,Permanent
,,,,,,,,,,,,,,,,,,,,,,,,,Same to Aim Target,Buff,MR,25,—,—,Once,Permanent
,,,,,,,,,,,1,Active,On Cast,—,Self,Cast,Self,—,—,1,—,—,—,—,Same to Aim Target,Buff,Shield,350/400/450% AP,Decay,decays over its duration,Once,3
,,,,,,,,,,,2,Active,On Shield Expire,—,Self,Circle AOE,Self,centred,Circle 1 hex,1,1,—,—,—,Enemies in area,Attack,Damage,70/100/150% AP,Derived,+30% of damage absorbed,Once,—
,,,,,,,,,,,,,,,,Laser Shot,Current,default,unknown,,,,,,Enemies in path,Attack,Damage,70/100/150% AP,Derived,+30% of damage absorbed,Once,—
Jhin,1 Gold,Marksman,AD,Ionia,,Deadeye,,5,Falloff Line Carry,Ionia Bonus: +25% Attack Damage. Active: take aim at the current target and fire a shot through enemies in a line; each enemy hit reduces the damage by 56%.,0.1,Passive,Game Start,If Ionia Active,Self,Cast,Self,—,—,5,—,—,—,—,Same to Aim Target,Buff,AD,25%,—,—,Once,Permanent
,,,,,,,,,,,1,Active,On Cast,—,Self,Pierce Projectile,Current,default,Box 1x2,5,1,—,—,—,Enemies in path,Attack,Damage,744% AD & AP,Falloff per hit,−56% per hit,Once,—
Sett,2 Gold,Tank,AP,Ionia,,Juggernaut,,1,Grab-and-Slam Stun Tank,"Ionia Bonus: +180 max Health. Active: grab an enemy from either side and slam them together, dealing magic damage and Stunning them. If only one enemy is grabbed, the damage and Stun duration are increased by 50%.",0.1,Passive,Game Start,If Ionia Active,Self,Cast,Self,—,—,1,—,—,—,—,Same to Aim Target,Buff,Bonus HP,180,—,—,Once,Permanent
,,,,,,,,,,,1,Active,On Cast,—,Self,Grab & Slam,Adjacent (both sides),default,Box 3x1,1,1,—,—,—,Grabbed enemies,Attack,Damage,180/270/420% AP,Conditional Bonus,+50% if only 1 grabbed,Once,—
,,,,,,,,,,,,,,,,,,,,,,,,,Grabbed enemies,Status,Stun,—,Conditional Bonus,+50% if only 1 grabbed,Once,1.25/1.5/2
Zed,2 Gold,Assassin,AD,Ionia,,Rogue,Slayer,1,Shadow Twin Assassin,Ionia Bonus: +15% Critical Strike Chance and Critical Strike Damage. Active: create a shadow at the furthest enemy within 2 hexes; Zed and his shadow each slash adjacent enemies for physical damage.,0.1,Passive,Game Start,If Ionia Active,Self,Cast,Self,—,—,1,—,—,—,—,Same to Aim Target,Buff,Crit Chance,15%,—,—,Once,Permanent
,,,,,,,,,,,,,,,,,,,,,,,,,Same to Aim Target,Buff,Crit Damage,15%,—,—,Once,Permanent
,,,,,,,,,,,1,Active,On Cast,—,Self,Static Summon,Farthest (within 2 hex),—,—,1,1,—,—,—,—,Summon,(summon),—,—,—,—,—
,,,,,,,,,,,2,Active,After Step 1,—,Self,Circle AOE,Self,centred,Circle 1 hex,1,1,—,—,—,Enemies in area,Attack,Damage,140/140/150% AD + 25/40/50% AP,—,—,Once,—
,,,,,,,,,,,,,,,Summon,,Summon,,,,,,,,Enemies in area,Attack,Damage,140/140/150% AD + 25/40/50% AP,—,—,Once,—
Karma,3 Gold,Mage,AP,Ionia,,Invoker,,4,Burst Spell Spammer,"Ionia Bonus: +25 Ability Power. Active: fire a burst of energy that explodes on impact, dealing magic damage to enemies adjacent to the target. Every third cast launches 3 bursts.",0.1,Passive,Game Start,If Ionia Active,Self,Cast,Self,—,—,4,—,—,—,—,Same to Aim Target,Buff,AP,25,—,—,Once,Permanent
,,,,,,,,,,,1,Active,On Cast,If 1st or 2nd Cast,Self,First hit Projectile,Current,default,default,4,1,—,—,—,—,—,—,—,—,—,—,—
,,,,,,,,,,,,,,If 3rd Cast,,,Current + Left + Right,,,,3,,At Once,,—,—,—,—,—,—,—,—
,,,,,,,,,,,2,Active,On Projectile Hit,—,Step 1 Projectile,Circle AOE,Current,centred,Circle 1 hex,4,1,—,—,—,Enemies in area,Attack,Damage,200/300/470% AP,—,—,Once,—
Shen,4 Gold,Tank,AP,Ionia,,Bastion,Invoker,1,Ally-Shielding Burst Tank,"Ionia Bonus: +8% Damage Reduction. Active: shield self and the 2 lowest-Health allies for 4s. After ally's shield duration expire, Shen's Shield refreshes and burst, dealing magic damage to adjacent enemies.",0.1,Passive,Game Start,If Ionia Active,Self,Cast,Self,—,—,1,—,—,—,—,Same to Aim Target,Buff,Damage Reduction,8%,—,—,Once,Permanent
,,,,,,,,,,,1,Active,On Cast,—,Self,Cast,Self,—,—,1,—,—,—,—,Same to Aim Target,Buff,Shield,350/450/2000% AP,—,—,Once,4
,,,,,,,,,,,,,,,,,Lowest-HP Allies,,,,,,,,Same to Aim Target,Buff,Shield,225/275/1500% AP,—,—,Once,4
,,,,,,,,,,,2,Active,After Step 1,—,Self,Circle AOE,Self,centred,Circle 1 hex,1,1,—,—,—,Same to Aim Target,Buff,Shield,(refresh),—,—,Once,4
,,,,,,,,,,,,,,,,,,,,,,,,,Enemies in area,Attack,Damage,240/360/2500% AP,Burst,burst,Once,—
Yasuo,4 Gold,Assassin,AD,Ionia,,Challenger,,1,Whirlwind Dash Carry,"Ionia Bonus: +15% Omnivamp. Active: send a whirlwind at the furthest enemy within 3 hexes, knocking up and Stunning all enemies hit. Dash to and slash the original target for heavy physical damage, then slam it into the ground, damaging enemies within 1 hex.",0.1,Passive,Game Start,If Ionia Active,Self,Cast,Self,—,—,1,—,—,—,—,Same to Aim Target,Buff,Omnivamp,15%,—,—,Once,Permanent
,,,,,,,,,,,1,Active,On Cast,—,Self,Pierce Projectile,Farthest (within 3 hex),default,default,1,1,—,—,—,Enemies in path,Status,Stun,—,—,—,Once,—
,,,,,,,,,,,2,Active,After Step 1,—,Self,Move,Step 1 Aim target,—,—,1,—,—,—,—,Self,Movement,(reposition),—,—,—,—,—
,,,,,,,,,,,3,Active,After Step 2,—,Self,Cast,Step 1 Aim target,—,—,1,—,—,—,—,Same to Aim Target,Attack,Damage,500/500/1500% AD + 55/85/300% AP,—,—,Once,—
,,,,,,,,,,,4,Active,After Step 3,—,Self,Circle AOE,Step 1 Aim target,centred,Circle 1 hex,1,1,—,—,—,Enemies in area,Attack,Damage,300/300/750% AD,—,—,Once,—
Ahri,5 Gold,Mage,AP,Ionia,,Sorcerer,,4,Essence-Steal Spell Carry,"Ionia Bonus: +3 Mana per second. Active: steal essence from enemies around the current target, dealing magic damage and Mana Reaving them. Every third cast instead unleashes a wave that damages all enemies hit, dealing 33% more to enemies whose essence has been stolen.",0.1,Passive,Game Start,If Ionia Active,Self,Cast,Self,—,—,4,—,—,—,—,Same to Aim Target,Buff,Mana Regen,3 /s,—,—,Once,Permanent
,,,,,,,,,,,1,Active,On Cast,If 1st or 2nd Cast,Self,Circle AOE,Current,centred,unknown,4,1,—,—,—,Enemies in area,Attack,Damage,105/150/1000% AP,—,—,Once,—
,,,,,,,,,,,,,,,,,,,,,,,,,Enemies in area,Debuff,Mana Reave,20%,—,—,Once,Until next cast
,,,,,,,,,,,,,,If 3rd Cast,,Pierce Projectile,Self,default,,,,360° radial,,,All enemies,Attack,Damage,260/390/1999% AP,Conditional Bonus,+33% if essence stolen,Once,—
Renekton,1 Gold,Tank,AP,Shurima,,Bruiser,,1,Healing AOE Bruiser,"Deal magic damage to adjacent enemies. Heal for the first enemy hit, and a further 30% Ability Power for every additional enemy caught in the same swing.",1,Active,On Cast,—,Self,Circle AOE,Self,centred,Circle 1 hex,1,1,—,—,—,Enemies in area,Attack,Damage,180/270/400% AP,—,—,Once,—
,,,,,,,,,,,,,,,,,,,,,,,,,Same to Aim Target,Buff,Heal,220/270/320% AP,Per Target Hit,+30% AP per additional enemy hit,Once,—
Taliyah,2 Gold,Mage,AP,Shurima,,Multicaster,,4,Knock-up Punisher Mage,"Passive: whenever ANY enemy is knocked up or back - by anything, not just her - throw a boulder towards them; it damages the first enemy it hits. Active: damage the current target and knock them up, Stunning them for 2s.",0.1,Passive,On Enemy Knocked Up,—,Self,First hit Projectile,Knocked-up enemy,default,default,4,1,—,—,—,First hit enemy,Attack,Damage,120/180/270% AP,—,—,Once,—
,,,,,,,,,,,1,Active,On Cast,—,Self,Spawn At Target,Current,default,default,4,1,—,—,—,Same to Aim Target,Attack,Damage,220/330/495% AP,—,—,Once,—
,,,,,,,,,,,,,,,,,,,,,,,,,Same to Aim Target,Status,Stun,—,—,—,Once,2
Akshan,3 Gold,Marksman,AD,Shurima,,Deadeye,,4,Multi-shot Deadeye,Lock on to the farthest enemy and unleash a hail of 6 shots toward them. Each shot damages the first enemy it hits - which need not be the enemy locked on to.,1,Active,On Cast,—,Self,First hit Projectile,Farthest,default,default,4,6,—,Consecutive,—,First hit enemy,Attack,Damage,125% AD + 20/35/60% AP,—,—,Once,—
Azir,4 Gold,Marksman,AP,Shurima,,Strategist,,4,Sand Soldier Summoner,"Passive: every third attack, a Sand Soldier damages Azir's target. Active: summon a Sand Soldier to attack the current target; if Azir already has 3 Soldiers, they all strike at once instead.",0.1,Passive,On 3rd Attack,—,Summon,Auto-Attack (ranged),Current,default,default,4,1,—,—,—,Same to Aim Target,Attack,Damage,110/160/500% AP,—,—,Once,—
,,,,,,,,,,,1,Active,On Cast,If fewer than 3 Soldiers,Self,Static Summon,—,—,—,4,3,—,At Once,—,Same to Aim Target,Summon,(summon),—,Cap,max 3 Soldiers on the board,—,—
,,,,,,,,,,,,,,If Already 3 Soldiers,Summon,Auto-Attack (ranged),Current,default,default,,,,,,Same to Aim Target,Attack,Damage,70% AP,—,—,Once,—
Nasus,4 Gold,Tank,AD,Shurima,,Juggernaut,,1,Stat-Stealing Juggernaut,"Steal max Health, Attack Damage, Armor and Magic Resist from the nearest 4/5/7 enemies for 8s - each stat is deducted from them and added to him. While empowered, every third attack deals heavy physical damage.",1,Active,On Cast,—,Self,Cast,Nearest 4/5/7 enemies,—,—,1,—,—,—,—,Same to Aim Target,Debuff,Max HP,4/4/15%,—,—,Once,8
,,,,,,,,,,,,,,,,,,,,,,,,,Same to Aim Target,Debuff,AD,8%,—,—,Once,8
,,,,,,,,,,,,,,,,,,,,,,,,,Same to Aim Target,Debuff,DEF,4/4/20,—,—,Once,8
,,,,,,,,,,,,,,,,,,,,,,,,,Same to Aim Target,Debuff,MR,4/4/20,—,—,Once,8
,,,,,,,,,,,,,,,,,,,,,,,,,Self,Buff,Bonus HP,4/4/15%,Per Target Hit,from each enemy hit,Once,8
,,,,,,,,,,,,,,,,,,,,,,,,,Self,Buff,AD,8%,Per Target Hit,from each enemy hit,Once,8
,,,,,,,,,,,,,,,,,,,,,,,,,Self,Buff,Armor,4/4/20,Per Target Hit,from each enemy hit,Once,8
,,,,,,,,,,,,,,,,,,,,,,,,,Self,Buff,MR,4/4/20,Per Target Hit,from each enemy hit,Once,8
,,,,,,,,,,,0.1,Passive,On 3rd Attack,If Empowered,Self,Bonus on AA,Current,—,—,1,1,—,—,—,Same to Aim Target,Attack,Damage,380/380/700% AD,—,—,Once,—
K'Sante,5 Gold,Tank,AP,Shurima,,Bastion,,1,Knockback Slam Tank,"Heal, then knock up the current target and smash them to the edge of the battlefield, damaging and Stunning them. Enemies the flying target collides with are also damaged and Stunned. If the target cannot be pushed further it is knocked off the battlefield; otherwise K'Sante chases it.",1,Active,On Cast,—,Self,Cast,Self,—,—,1,—,—,—,—,Same to Aim Target,Buff,Heal,10% max HP,—,—,Once,—
,,,,,,,,,,,2,Active,After Step 1,—,Self,Knock Back,Current,—,—,1,1,—,—,—,Same to Aim Target,Attack,Damage,250/400/1000% AP,—,—,Once,—
,,,,,,,,,,,,,,,,,,,,,,,,,Same to Aim Target,Status,Stun,—,—,—,Once,2/2.5/10
,,,,,,,,,,,,,,,Knocked-back enemy,Charge,—,default,default,,,,,,Enemies in path,Attack,Damage,250/400/1000% AP,—,—,Once,—
,,,,,,,,,,,,,,,,,,,,,,,,,Enemies in path,Status,Stun,—,—,—,Once,1/1.25/5
,,,,,,,,,,,3,Active,After Step 2,If Target at Edge,Self,Cast,Step 2 Aim target,—,—,1,—,—,—,—,Same to Aim Target,Status,Knock Off,—,—,—,Once,—
,,,,,,,,,,,,,,If Target Not at Edge,,Move,,,,,,,,,Self,Movement,(reposition),—,—,—,—,—
Ashe,2 Gold,Marksman,AD,Freljord,,Deadeye,,6,Cone Chill Archer,Fire 8 arrows in a cone. Each arrow damages the first enemy it hits and Chills it (-30% Attack Speed) for 2s.,1,Active,On Cast,—,Self,First hit Projectile,Current,default,default,6,8,Cone,At Once,—,First hit enemy,Attack,Damage,160/165/175% AD,—,—,Once,—
,,,,,,,,,,,,,,,,,,,,,,,,,First hit enemy,Status,Chill,—,—,—,Once,2
Lissandra,3 Gold,Mage,AP,Freljord,,Invoker,,2,Stun & Amplify Mage,"Stun the current target, damage everything within 2 hexes of it, and leave those enemies taking 10% more damage for 4s.",1,Active,On Cast,—,Self,Circle AOE,Current,centred,Circle 2 hex,2,1,—,—,—,Same to Aim Target,Status,Stun,—,—,—,Once,2
,,,,,,,,,,,,,,,,,,,,,,,,,Enemies in area,Attack,Damage,160/240/400% AP,—,—,Once,—
,,,,,,,,,,,,,,,,,,,,,,,,,Enemies in area,Debuff,Damage Amplification,10%,—,—,Once,4
Sejuani,4 Gold,Tank,AP,Freljord,,Bruiser,,1,Chill Enabler Tank,"Passive: whenever an ALLY attacks a Chilled enemy, that ally's attack deals bonus true damage. Active: shield self, then damage and Chill nearby enemies.",0.1,Passive,On Ally Attack,If Target Chilled,Ally,Bonus on AA,Current,—,—,1,1,—,—,—,Same to Aim Target,Attack,True Damage,160/240/1200,Derived,increased by max Health,Once,—
,,,,,,,,,,,1,Active,On Cast,—,Self,Cast,Self,—,—,1,—,—,—,—,Same to Aim Target,Buff,Shield,600/700/2000% AP,—,—,Once,4
,,,,,,,,,,,2,Active,After Step 1,—,Self,Circle AOE,Self,centred,Circle 2 hex,1,1,—,—,—,Enemies in area,Attack,Damage,160/240/1200% AP,—,—,Once,—
,,,,,,,,,,,,,,,,,,,,,,,,,Enemies in area,Status,Chill,—,—,—,Once,4
Orianna,1 Gold,Mage,AP,Piltover,,Sorcerer,,4,Shield & Empower Support,"Shield the lowest-Health ally for 4s, and empower Orianna's NEXT attack to deal bonus magic damage.",1,Active,On Cast,—,Self,Cast,Lowest-HP Ally,—,—,4,—,—,—,—,Same to Aim Target,Buff,Shield,200/225/275% AP,—,—,Once,4
,,,,,,,,,,,,,,,,,Self,,,,,,,,Same to Aim Target,Buff,Empowered Attack,290/435/650% AP,—,—,Once,—
Vi,2 Gold,Tank,AD,Piltover,,Bruiser,,1,Shield & Sunder Bruiser,"Shield self for 4s, then damage enemies within 1 hex of the current target and Sunder them (-20% Armor) for 4s.",1,Active,On Cast,—,Self,Cast,Self,—,—,1,—,—,—,—,Same to Aim Target,Buff,Shield,350/400/450% AP,—,—,Once,4
,,,,,,,,,,,2,Active,After Step 1,—,Self,Circle AOE,Current,centred,Circle 1 hex,1,1,—,—,—,Enemies in area,Attack,Damage,300% AD,—,—,Once,—
,,,,,,,,,,,,,,,,,,,,,,,,,Enemies in area,Debuff,DEF,20%,—,—,Once,4
Ekko,3 Gold,Assassin,AP,Zaun,Piltover,Rogue,,1,Retroactive-Heal Assassin,"Heal for 20% of the damage he took in the last 4s, then strike the current target for magic damage.",1,Active,On Cast,—,Self,Cast,Self,—,—,1,—,—,—,—,Same to Aim Target,Buff,Heal,20% of damage taken in last 4s,—,—,Once,—
,,,,,,,,,,,2,Active,After Step 1,—,Self,Cast,Current,—,—,1,—,—,—,—,Same to Aim Target,Attack,Damage,255/380/570% AP,—,—,Once,—
Jayce,3 Gold,Marksman,AD,Piltover,,Gunner,,4,Flank-Buff Gunner,"Grant himself Attack Speed and his left and right neighbours Ability Power for 3s, then fire a blast that detonates on the first enemy hit, damaging everyone near the blast.",1,Active,On Cast,—,Self,Cast,Self,—,—,4,—,—,—,—,Same to Aim Target,Buff,Attack Speed,30/40/50% AP,—,—,Once,3
,,,,,,,,,,,,,,,,,,,,,,,,,Adjacent allies (left & right),Buff,AP,15%,—,—,Once,3
,,,,,,,,,,,2,Active,After Step 1,—,Self,First hit Projectile,Current,default,default,4,1,—,—,—,—,—,—,—,—,—,—,—
,,,,,,,,,,,3,Active,On Projectile Hit,—,Step 2 Projectile,Circle AOE,Current,centred,Circle 1 hex,4,1,—,—,—,Enemies in area,Attack,Damage,275/275/295% AD,—,—,Once,—
Viego,1 Gold,Assassin,AP,Shadow Isles,,Rogue,,1,Stacking Melee Assassin,"Deal 110/165/250% Ability Power magic damage to the current target. For the rest of combat, Viego's attacks deal 20/30/45% Ability Power bonus stacking magic damage.",1,Active,On Cast,—,Self,Laser Shot,Current,default,unknown,1,1,—,—,—,Enemies in path,Attack,Damage,110/165/250% AP,—,—,Once,—
,,,,,,,,,,,,,,,,,Self,,,,—,,,,Enemies in path,Buff,On-Hit Damage,20/30/45% AP,Stacking,stacking,Once,Permanent
Maokai,1 Gold,Tank,AP,Shadow Isles,,Bastion,,1,Mana-Leeching Healing Tank,"Sap Magic: Passive: Whenever an enemy casts an Ability, gain 5 Mana. Active: On his next attack, heal for 220/260/300% Ability Power.",0.1,Passive,On Enemy Cast,—,Self,Cast,Self,—,—,1,—,—,—,—,Same to Aim Target,Buff,Mana,5,—,—,Once,—
,,,,,,,,,,,1,Active,On Cast,—,Self,Cast,Self,—,—,1,—,—,—,—,Same to Aim Target,Buff,Empowered Attack (Maokai),220/260/300% AP,—,—,Once,—
Kalista,3 Gold,Marksman,AP,Shadow Isles,,Challenger,,4,Spear-Stacking Executioner,"Passive: Attacks impale a spear in the target, which deals 18/27/45% Ability Power true damage when removed. Kalista rips the spears out if it would kill the target. Active: Impale 6 spears in the current target.",0.1,Passive,On Attack,—,Self,Bonus on AA,Current,—,—,4,1,—,—,—,Same to Aim Target,Status,Impale,—,Stacking,stacking,Once,Permanent
,,,,,,,,,,,0.2,Passive,On Attack,If skill can execute,Self,Cast,Current,—,—,4,—,—,—,—,Same to Aim Target,Attack,True Damage,18/27/45% AP,Per Stack,per spear removed,Once,—
,,,,,,,,,,,1,Active,On Cast,—,Self,Homing Projectile,Current,default,default,4,1,—,—,—,Same to Aim Target,Status,Impale,6 spears,—,—,Once,—
Gwen,4 Gold,Fighter,AP,Shadow Isles,,Slayer,,2,Dashing Cone Slayer,"Dash around the current target and snip 3 times in a cone, each dealing 100/150/400% Ability Power magic damage to enemies hit. Every 3 casts, gain 120/120/300 Armor and Magic Resist for 3/3/5 seconds.",1,Active,On Cast,—,Self,Move,Current,—,—,2,—,—,—,—,Self,Movement,(reposition),—,—,—,Once,—
,,,,,,,,,,,2,Active,After Step 1,—,Self,Sweep Laser,Current,default,Box 0.1x2,2,3,—,Consecutive,—,Enemies in area,Attack,Damage,100/150/400% AP,—,—,Once,—
,,,,,,,,,,,0.1,Passive,On 3rd Cast,—,Self,Cast,Self,—,—,2,—,—,—,—,Same to Aim Target,Buff,Armor,120/120/300,—,—,Once,3/3/5
,,,,,,,,,,,,,,,,,,,,,,,,,Same to Aim Target,Buff,MR,120/120/300,—,—,Once,3/3/5
Senna,5 Gold,Marksman,AD,Redeemer,Shadow Isles,Gunner,,4,Board-Wide Beam Support,"Fire a massive beam at the furthest enemy, dealing 235/250/2000% Attack Damage physical damage to all enemies hit. Any allies hit gain 200/275/4000% Ability Power Shield for 4/4/15 seconds.",1,Active,On Cast,—,Self,Laser Shot,Farthest,default,unknown,4,1,—,—,—,Enemies in path,Attack,Damage,235/250/2000% AD,—,—,Once,—
,,,,,,,,,,,,,,,,,,,,,,,,,Allies in path,Buff,Shield,200/275/4000% AP,—,—,Once,4/4/15
Soraka,2 Gold,Mage,AP,Targon,,Invoker,,4,Star-Fall Healer,"Heal the lowest health ally for 140/160/180% Ability Power. If the ally is below 50% Health, heal them for an additional 140/160/180% Ability Power. Over the next 5 seconds, 5 stars hit the enemy closest to them. Each deals 120/180/280% Ability Power magic damage.",1,Active,On Cast,—,Self,Cast,Lowest-HP Ally,—,—,4,—,—,—,—,Same to Aim Target,Buff,Heal,140/160/180% AP,—,—,Once,—
,,,,,,,,,,,,,,If Ally Below 50% HP,,,,,,,,,,,Same to Aim Target,Buff,Heal,140/160/180% AP,—,—,Once,—
,,,,,,,,,,,,,,,,,,,,,,,,,Same to Aim Target,Status,Child of the Star,—,—,—,Once,5
,,,,,,,,,,,,,,—,Summon,Auto-Attack (ranged),Nearest enemy to owner,default,default,,1,,,,Aimed enemy,Attack,Damage,120/180/280% AP,—,—,Every 0.5s,5
Taric,3 Gold,Tank,AP,Targon,,Bastion,Sorcerer,1,Damage-Redirecting Shield Tank,Gain 500/580/680% Ability Power Shield for 4 seconds. It redirects 50% of the damage received by adjacent allies.,1,Active,On Cast,—,Self,Cast,Self,—,—,1,—,—,—,—,Same to Aim Target,Buff,Shield,500/580/680% AP,—,—,Once,4
,,,,,,,,,,,,,,,,,,,,,,,,,Adjacent allies (left & right),Buff,Damage Redirect,50%,—,—,Once,4
Aphelios,4 Gold,Marksman,AD,Targon,,Deadeye,,4,Chakram-Stacking Moon Carry,"Fire a moon blast at the largest group of enemies that deals 240/240/750% Attack Damage physical damage to enemies within 2 hexes. For 7 seconds, equip 3 Chakram, plus 1 more for each enemy hit by the blast. Attacks deal 7/7/15% Attack Damage bonus physical damage for each Chakram equipped. Aphelios heals for 75% of damage dealt by Chakrams (increased by Ability Power).",1,Active,On Cast,—,Self,Homing Projectile,Clustered,default,default,4,1,—,—,—,—,—,—,—,—,—,—,—
,,,,,,,,,,,2,Active,On Projectile Hit,—,Step 1 Projectile,Circle AOE,Clustered,centred,Circle 2 hex,4,1,—,—,—,Enemies in area,Attack,Damage,240/240/750% AD,—,—,Once,—
,,,,,,,,,,,3,Active,After Step 2,—,Self,Cast,Self,—,—,4,—,—,—,—,Same to Aim Target,Buff,Chakram,3,Per Target Hit,+1 per enemy hit by the blast,Once,7
,,,,,,,,,,,0.1,Passive,On Attack,If Empowered,Self,Bonus on AA,Current,—,—,4,1,—,—,—,Same to Aim Target,Attack,Damage,7/7/15% AD,Per Stack,per Chakram equipped,Once,—
,,,,,,,,,,,,,,,,,,,,,,,,,Self,Buff,Omnivamp,75%,Derived,of Chakram damage only; increased by AP,Once,—
Cho'Gath,1 Gold,Tank,—,Void,,Bruiser,,1,Devouring Execute Tank,"Deal magic damage equal to 12% of the target's max Health (increased by Ability Power) to the lowest Health enemy in range. If this kills them, devour them and permanently gain 35 maximum Health. (Current Bonus: scales with each enemy devoured)",1,Active,On Cast,—,Self,Cast,Lowest-HP enemy,—,—,1,—,—,—,—,Same to Aim Target,Attack,Damage,12% target Max HP,Derived,increased by AP,Once,—
,,,,,,,,,,,2,Active,On Kill,If Killed By Skill,Self,Cast,Self,—,—,1,—,—,—,—,Same to Aim Target,Buff,Bonus HP,35,Stacking,+35 per enemy devoured,Once,Permanent
Malzahar,1 Gold,Mage,AP,Void,,Sorcerer,,4,Portal-Zone Mage,Open two portals near the current target. Destroy 50% of Shields and deal 220/330/500% Ability Power magic damage to all enemies caught between the portals.,1,Active,On Cast,—,Self,Laser Shot,Current,default,Box 3x1,4,1,—,—,—,Enemies in path,Debuff,Shield Destroy,50%,—,—,Once,—
,,,,,,,,,,,,,,,,,,,,,,,,,Enemies in path,Attack,Damage,220/330/500% AP,—,—,Once,—
Kassadin,2 Gold,Tank,AP,Void,,Bastion,,1,Disarming Shield Tank,"Gain 250/300/400% Ability Power Shield for 4 seconds. Deal 160/240/360% Ability Power magic damage to enemies in a cone and Disarm them for 1.5/1.75/2 seconds. Disarm: Cannot move or attack, but CAN cast spells.",1,Active,On Cast,—,Self,Cast,Self,—,—,1,—,—,—,—,Same to Aim Target,Buff,Shield,250/300/400% AP,—,—,Once,4
,,,,,,,,,,,,,,,,Cone AOE,Current,default,Cone 1 hex,,1,,,,Enemies in area,Attack,Damage,160/240/360% AP,—,—,Once,—
,,,,,,,,,,,,,,,,,,,,,,,,,Enemies in area,Status,Disarm,—,—,—,Once,1.5/1.75/2
Rek'Sai,3 Gold,Fighter,AD,Void,,Bruiser,,1,Marking Execute Bruiser,"Deal 250/250/255% Attack Damage physical damage to the current target and mark them. If they are below 66% max Health, deal true damage instead. If the target is marked, deal 240/240/250% Attack Damage bonus true damage. If this kills the target, rip through them 1 hex and heal for 10% Max Health (increased by Ability Power).",1,Active,On Cast,If Target NOT Below 66% HP,Self,Cast,Current,—,—,1,—,—,—,—,Same to Aim Target,Attack,Damage,250/250/255% AD,—,—,Once,—
,,,,,,,,,,,,,,—,,,,,,,,,,,Same to Aim Target,Status,Mark,—,—,—,Once,—
,,,,,,,,,,,,,,If Target Below 66% HP,,,,,,,,,,,Same to Aim Target,Attack,True Damage,250/250/255% AD,—,—,Once,—
,,,,,,,,,,,,,,If Target Marked,,,,,,,,,,,Same to Aim Target,Attack,True Damage,240/240/250% AD,Conditional Bonus,bonus true damage if marked,Once,—
,,,,,,,,,,,2,Active,On Kill,—,Self,Move Behind,Current,—,—,1,—,—,—,—,Self,Movement,(reposition),—,—,—,—,—
,,,,,,,,,,,,,,,,,,,,,,,,,Self,Buff,Heal,10% Max HP,Derived,increased by AP,Once,—
Vel'Koz,3 Gold,Mage,AP,Void,,Sorcerer,Multicaster,4,Splitting Plasma Mage,"Fire a plasma bolt towards the current target that deals 220/330/550% Ability Power magic damage to the first enemy hit. It then splits in two, dealing 50% less damage whenever it passes through an enemy.",1,Active,On Cast,—,Self,First hit Projectile,Current,default,default,4,1,—,—,—,First hit enemy,Attack,Damage,220/330/550% AP,—,—,Once,—
,,,,,,,,,,,2,Active,On Projectile Hit,—,Step 1 Projectile,Pierce Projectile,Step 1 Aim target,default,default,4,2,Diagonal to Action Source,At Once,—,Enemies in path,Attack,Damage,220/330/550% AP,Falloff per hit,−50% per enemy passed through,Once,—
Kai'Sa,4 Gold,Marksman,AP,Void,,Challenger,,4,Missile-Barrage Carry,"Dash away from all enemies, then fire 15/15/25 missiles split across the 4 nearest enemies. Each missile deals 80/120/240% Ability Power magic damage.",1,Active,On Cast,—,Self,Move,Away from enemies,—,—,4,—,—,—,—,Self,Movement,(reposition),—,—,—,—,—
,,,,,,,,,,,2,Active,After Step 1,—,Self,Homing Projectile,Nearest 4 enemies,default,default,4,15/15/25,—,Consecutive,—,Aimed enemy,Attack,Damage,80/120/240% AP,—,—,Once,—
Bel'Veth,5 Gold,Fighter,AD,Empress,Void,,,2,Multi-Lash Empress Carry,Lash out at the lowest Health enemy in range 6/6/25 times. Each lash deals 85% Attack Damage + 18/30/100% Ability Power physical damage and 2% of the target's max Health as true damage.,1,Active,On Cast,—,Self,QuickAA,Lowest-HP enemy,default,default,2,6/6/25,—,Consecutive,—,Same to Aim Target,Attack,Damage,85% AD + 18/30/100% AP,—,—,Once,—
,,,,,,,,,,,,,,,,,,,,,,,,,Same to Aim Target,Attack,True Damage,2% target Max HP,—,—,Once,—
Tristana,1 Gold,Marksman,AD,Yordle,,Gunner,,4,Explode-on-Hit Gunner,"Gain 70% Ability Power Attack Speed for 4 seconds. For the duration, attacks explode on impact and deal 60% Attack Damage physical damage to enemies within 1 hex. 4-Star Upgrade: Every 10th attack deals 100% Attack Damage bonus physical damage and ricochets to the largest clump of enemies, dealing 50% of that damage to enemies within 1 hex.",1,Active,On Cast,—,Self,Cast,Self,—,—,4,—,—,—,—,Same to Aim Target,Buff,Attack Speed,70% AP,—,—,Once,4
,,,,,,,,,,,2,Active,On Attack,If Empowered,Self,Circle AOE,Current,centred,Circle 1 hex,4,1,—,—,—,Enemies in area,Attack,Damage,60% AD,—,—,Once,—
,,,,,,,,,,,3,Active,On 10th Attack,If 4-Star,Self,Bonus on AA,Current,—,—,4,1,—,—,—,Same to Aim Target,Attack,Damage,100% AD,—,—,Once,—
,,,,,,,,,,,,,,,,Circle AOE,Clustered,centred,Circle 1 hex,,,,,,Enemies in area,Attack,Damage,50%,Derived,of the 10th attack's damage,Once,—
Teemo,2 Gold,Mage,AP,Yordle,,Strategist,Multicaster,4,Wounding Mushroom Mage,"Hurl an explosive heat-seeking mushroom at the current target. When it detonates, enemies within 1 hex are Wounded and dealt 260/390/585% Ability Power magic damage over 3 seconds. 4-Star Upgrade: Increase the explosion radius by 1 hex. Wound: Reduce healing received by 33%",1,Active,On Cast,—,Self,Homing Projectile,Current,default,default,4,1,—,—,—,—,—,—,—,—,—,—,—
,,,,,,,,,,,2,Active,On Projectile Hit,If not 4-Star,Step 1 Projectile,Circle AOE,Current,centred,Circle 1 hex,4,1,—,—,—,Enemies in area,Attack,Damage,260/390/585% AP,—,—,Every 0.5s,3
,,,,,,,,,,,,,,,,,,,,,,,,,Enemies in area,Status,Wound,—,—,—,Once,3
,,,,,,,,,,,,,,If 4-Star,,,,,Circle 2 hex,,,,,,Enemies in area,Attack,Damage,260/390/585% AP,—,—,Every 0.5s,3
,,,,,,,,,,,,,,,,,,,,,,,,,Enemies in area,Status,Wound,—,—,—,Once,3
Heimerdinger,5 Gold,Marksman,AP,Technogen,Yordle,,,4,Grenade Stun Artillery,"Hurl a grenade towards the largest group of enemies, dealing 150/225/3141% Ability Power magic damage to enemies in a large area and Stunning them for 1.5/2/15 seconds.",1,Active,On Cast,—,Self,Homing Projectile,Clustered,default,default,4,1,—,—,—,—,—,—,—,—,—,—,—
,,,,,,,,,,,2,Active,On Projectile Hit,—,Step 1 Projectile,Circle AOE,Clustered,centred,Circle 2 hex,4,1,—,—,—,Enemies in area,Attack,Damage,150/225/3141% AP,—,—,Once,—
,,,,,,,,,,,,,,,,,,,,,,,,,Enemies in area,Status,Stun,—,—,—,Once,1.5/2/15
Nilah,4 Gold,Marksman,AD,Bilgewater,,Vanquisher,,2,Cone-Auto Duelist,"Formless Blade: Passive: Attacks strike in a cone, dealing 55/55/100% Attack Damage physical damage to up to 2 additional enemies. Every 3rd attack strikes in a line for 170/175/375% Attack Damage physical damage and grants 18/18/40% stacking Attack Speed.Active: Gain 250/375/700% Ability Power Shield for 3 seconds and dash to a safe location.",0.1,Passive,On Attack,—,Self,Cone AOE,Current,default,unknown,2,1,—,—,—,Additional enemies in cone,Attack,Damage,55/55/100% AD,—,—,Once,—
,,,,,,,,,,,,,On 3rd Attack,,,Laser Shot,,,,,,,,,Enemies in path,Attack,Damage,170/175/375% AD,—,—,Once,—
,,,,,,,,,,,,,,,,,,,,,,,,,Self,Buff,Attack Speed,18/18/40%,Stacking,per 3rd attack,Once,Permanent
,,,,,,,,,,,1,Active,On Cast,—,Self,Cast,Self,—,—,2,—,—,—,—,Self,Buff,Shield,250/375/700% AP,—,—,Once,3
,,,,,,,,,,,,,,,,Move,Away from enemies,,,,,,,,Self,Movement,(reposition),—,—,—,—,—
Miss Fortune,3 Gold,Marksman,AP,Bilgewater,,Strategist,,4,X-Rain Shield-Breaker,"X Marks the Spot: Call down an X-shaped rain of bullets, destroying 35% of the target's Shields and dealing 240/360/580% Ability Power magic damage. For 5 seconds, enemies hit have incoming Shields reduced by 35%.",1,Active,On Cast,—,Self,Custom AOE,Current,centred,X-shape,4,1,—,—,—,Enemies in area,Debuff,Shield Destroy,35%,—,—,Once,—
,,,,,,,,,,,,,,,,,,,,,,,,,Enemies in area,Attack,Damage,240/360/580% AP,—,—,Once,—
,,,,,,,,,,,,,,,,,,,,,,,,,Enemies in area,Debuff,Shield Reduction,35% incoming,—,—,Once,5
Aatrox,5 Gold,Fighter,AD,Darkin,,Slayer,Juggernaut,1,Transformed AOE Slayer,"Transform for 10/10/30 seconds, gaining 10% Ability Power Omnivamp and converting 80% of bonus Attack Speed to Attack Damage. While transformed, attacks deal 250/250/2500% Attack Damage physical damage in an area.Omnivamp: Heal for percentage of damage dealt",1,Active,On Cast,—,Self,Cast,Self,—,—,1,—,—,—,—,Self,Buff,Omnivamp,10% AP,—,—,Once,10/10/30
,,,,,,,,,,,,,,,,,,,,,,,,,Self,Buff,AD,80% of bonus AS,Derived,converts bonus Attack Speed to AD,Once,10/10/30
,,,,,,,,,,,,,,,,,,,,,,,,,Self,Debuff,Attack Speed,all bonus AS removed,—,consumed by the AD conversion,Once,10/10/30
,,,,,,,,,,,0.1,Passive,On Attack,While transformed — 1st in loop,Self,Box AOE,Self,rear edge,Box 1x2,1,1,—,—,—,Enemies in area,Attack,Damage,250/250/2500% AD,—,—,Once,—
,,,,,,,,,,,,,,While transformed — 2nd in loop,,Cone AOE,,default,Cone 1 hex,,,,,,Enemies in area,Attack,Damage,250/250/2500% AD,—,—,Once,—
,,,,,,,,,,,,,,While transformed — 3rd in loop,,Circle AOE,,centred,Circle 1 hex,,,,,,Enemies in area,Attack,Damage,250/250/2500% AD,—,—,Once,—
Neeko,4 Gold,Tank,AP,Ixtal,,Bastion,,2,Leap-Slam Bastion,"Shapesplitter: Leap towards the current target and gain 250/325/425% Ability Power Shield for 3 seconds. Slam down after a brief delay, dealing 300/450/700% Ability Power magic damage to enemies within two hexes.",1,Active,On Cast,—,Self,Move,Current,—,—,2,—,—,—,—,Self,Movement,(reposition),—,—,—,—,—
,,,,,,,,,,,,,,,,,,,,,,,,,Self,Buff,Shield,250/325/425% AP,—,—,Once,3
,,,,,,,,,,,2,Active,After Step 1,—,Self,Circle AOE,Current,centred,Circle 2 hex,2,1,—,—,—,Enemies in area,Attack,Damage,300/450/700% AP,—,—,Once,—
Qiyana,2 Gold,Assassin,AD,Ixtal,,Rogue,Slayer,1,Elemental Dash-Line Slayer,"Royal Combo: Dash to strike enemies in a line and deal 255/255/270% Attack Damage + 40/60/90% Ability Power physical damage, empowered by whichever elemental terrain is currently active; Stuns and knocks up the first target hit for 1.5 seconds and all other targets for 0.5 seconds.",1,Active,On Cast,—,Self,Move Behind,Current,—,—,1,—,—,—,—,Self,Movement,(reposition),—,—,leaps THROUGH the current target,—,—
,,,,,,,,,,,2,Active,After Step 1,—,Self,Pierce Projectile,Current,default,default,1,1,—,—,—,Enemies in path,Attack,Damage,255/255/270% AD + 40/60/90% AP,—,—,Once,—
,,,,,,,,,,,,,,,,,,,,,,,,,First hit enemy,Status,Stun,—,—,—,Once,1.5
,,,,,,,,,,,,,,,,,,,,,,,,,Enemies in path,Status,Stun,—,—,—,Once,0.5
Ryze,5 Gold,Mage,—,Wanderer,,Invoker,,4,Barkskin Zone Invoker,"Create a portal that coats the ground around the current target in a thicket of vines. After a brief delay, deal magic damage to enemies within, scaling with Ryze's own Armor and Magic Resist (150/200/300% of each), and Stun enemies at the epicenter for 2/2/2.5 seconds with a knockup. Allies within are wrapped in Barkskin, granting bonus Armor and Magic Resist equal to 150/200/300% of Ryze's own for 4 seconds (increased by Ability Power).",1,Active,On Cast,—,Self,Circle AOE,Current,centred,Circle 2 hex,4,1,—,—,—,Enemies in area,Attack,Damage,150/200/300% Armor + 150/200/300% MR,Derived,of Ryze's own Armor and MR,Once,—
,,,,,,,,,,,,,,,,,,,,,,,,,Enemies at epicenter,Status,Stun,—,—,—,Once,2/2/2.5
,,,,,,,,,,,,,,,,,,,,,,,,,Allies in area,Buff,Armor,150/200/300% of Ryze's Armor,Derived,increased by AP,Once,4
,,,,,,,,,,,,,,,,,,,,,,,,,Allies in area,Buff,MR,150/200/300% of Ryze's MR,Derived,increased by AP,Once,4
Jinx,2 Gold,Marksman,AD,Zaun,,Gunner,,4,Rocket-Barrage Gunner,Fire 5 rockets at random enemies within 2 hexes of the current target. Each rocket deals 150/155/160% Attack Damage + 15/20/35% Ability Power physical damage.,1,Active,On Cast,—,Self,Homing Projectile,Random (2 hex of Current),default,default,4,5,—,Consecutive,—,Aimed enemy,Attack,Damage,150/155/160% AD + 15/20/35% AP,—,—,Once,—
Warwick,2 Gold,Fighter,AD,Zaun,,Juggernaut,Challenger,1,Lifesteal Frenzy Juggernaut,"Passive: Attacks heal for 30/35/40% Ability Power.Active: Gain 100% Attack Speed for 2.5 seconds. Then, Stun adjacent enemies for 1.25/1.5/2 seconds.",1,Active,On Cast,—,Self,Cast,Self,—,—,1,—,—,—,—,Self,Buff,Attack Speed,100%,—,—,Once,2.5
,,,,,,,,,,,2,Active,On Cast Expire,—,Self,Circle AOE,Self,centred,Circle 1 hex,1,1,—,—,—,Adjacent enemies,Status,Stun,—,—,—,Once,1.25/1.5/2
,,,,,,,,,,,0.1,Passive,On Attack,—,Self,Bonus on AA,Current,—,—,1,1,—,—,—,Self,Buff,Heal,30/35/40% AP,—,—,Once,—
Urgot,4 Gold,Fighter,AD,Zaun,,Deadeye,,1,Six-Leg Zoner,"Passive: Whenever an enemy enters Attack Range, fire a blast from the leg facing that direction that deals 220% Attack Damage + 40/60/500% Ability Power physical damage. Each of Urgot's 6 legs has a 4/4/1 second cooldown.Active: Gain 350/450/1200% Ability Power Shield for 5 seconds and dash behind the current target. Reset all leg cooldowns.",1,Active,On Cast,—,Self,Cast,Self,—,—,1,—,—,—,—,Self,Buff,Shield,350/450/1200% AP,—,—,Once,5
,,,,,,,,,,,2,Active,After Step 1,—,Self,Move Behind,Current,—,—,1,—,—,—,—,Self,Movement,(reposition),—,—,resets all leg cooldowns,—,—
,,,,,,,,,,,0.1,Passive,On Enemy Enters Range,Per leg (4/4/1s CD),Self,Cone AOE,Enemy entering range,default,Cone 1 hex,1,1,—,—,—,Enemies in area,Attack,Damage,220% AD + 40/60/500% AP,—,—,Once,—
Zeri,4 Gold,Marksman,AD,Zaun,,Gunner,,4,Chain-Lightning Executioner,"Passive: Execute enemies below 8% max Health (increased by Ability Power). Active: For the next 8/8/15 seconds, attacks chain lightning to 3/3/5 additional enemies, dealing 45/45/100% Attack Damage physical damage.",1,Active,On Cast,—,Self,Cast,Self,—,—,4,—,—,—,—,Self,Buff,On-Hit Damage,attacks chain to 3/3/5 additional enemies,—,—,Once,8/8/15
,,,,,,,,,,,,,,,,,,,,,,,,,Self,Status,Empowered,—,—,—,Once,8/8/15
,,,,,,,,,,,0.1,Passive,On Attack,If Empowered,Self,Bounce Homing Projectile,Current,default,default,4,3/3/5,—,Consecutive,—,Aimed enemy,Attack,Damage,45/45/100% AD,—,—,Once,—
,,,,,,,,,,,0.2,Passive,On Attack,—,Self,Bonus on AA,Current,—,—,4,1,—,—,—,Same to Aim Target,Status,Execute,< 8% max HP (increased by AP),—,—,Once,—
Silco,4 Gold,Mage,AP,Zaun,,Sorcerer,,4,Chem-Zone Sorcerer,"Undercity Tactics: Throw a vial at the nearest surrounded enemy, covering nearby hexes in chemicals for 6 seconds. Deal 65/100/400% Ability Power magic damage per second to chemical-affected enemies, and heal affected allies for 20/25/120% Ability Power per second. When possible, target unaffected groups.",1,Active,On Cast,—,Self,Homing Projectile,Clustered,default,default,4,1,—,—,—,—,—,—,—,—,—,—,—
,,,,,,,,,,,2,Active,On Projectile Hit,—,Step 1 Projectile,Zone AOE,Clustered,centred,Circle 2 hex,4,1,—,—,—,Enemies in area,Attack,Damage,65/100/400% AP,—,—,Every 1s,6
,,,,,,,,,,,,,,,,,,,,,,,,,Allies in area,Buff,Heal,20/25/120% AP,—,—,Every 1s,6
Graves,1 Gold,Assassin,AD,Bilgewater,,Rogue,Gunner,1,Smoke-Cloud Chiller,"Smoke Grenade: Launch a smoke grenade toward the current target. It explodes on impact dealing physical damage to adjacent enemies, leaving behind a smoke cloud that Chills for a few seconds. Chill: Reduce Attack Speed by 30%. Damage AD: 200% / 200% / 205%. Damage AP: 30% / 45% / 60%.Damage: AD + AP.Duration: 3 / 3.5 / 4 seconds.",1,Active,On Cast,—,Self,Homing Projectile,Current,default,default,1,1,—,—,—,—,—,—,—,—,—,—,—
,,,,,,,,,,,2,Active,On Projectile Hit,—,Step 1 Projectile,Circle AOE,Step 1 Aim target,centred,Circle 1 hex,1,1,—,—,—,Enemies in area,Attack,Damage,200/200/205% AD + 30/45/60% AP,—,—,Once,—
,,,,,,,,,,,,,,,,Zone AOE,,,,,,,,,Enemies in area,Status,Chill,30%,—,—,Every 0.5s,3/3.5/4
Illaoi,1 Gold,Tank,AP,Bilgewater,,Bastion,,1,Soul-Link Tank,"Harsh Lesson: Deal magic damage to the current target, linking souls for 5 seconds. While linked, heal % of all damage taken by the target. Damage: 250% / 375% / 560%. Heal: 25% / 30% / 40%",1,Active,On Cast,—,Self,Cast,Current,—,—,1,—,—,—,—,Same to Aim Target,Attack,Damage,250/375/560% AP,—,—,Once,—
,,,,,,,,,,,,,,,,,,,,,,,,,Same to Aim Target,Status,Soul Link,—,—,—,Once,5
,,,,,,,,,,,,,,,,,,,,,,,,,Self,Buff,Heal,25/30/40%,Derived,of all damage the linked target takes,Once,5
Twisted Fate,2 Gold,Mage,AP,Bilgewater,,Multicaster,,4,Delayed-Burst Mage,"Stacked Deck: Throw a hand of cards at the current target, dealing damage and encircling them. After 1.25 seconds the cards explode, dealing damage to nearby enemies. Initial Damage: 155% / 235% / 380%. Delayed Damage: 185% / 275% / 435%",1,Active,On Cast,—,Self,Homing Projectile,Current,default,default,4,1,—,—,—,Same to Aim Target,Attack,Damage,155/235/380% AP,—,—,Once,—
,,,,,,,,,,,,,,,,,,,,,,,,,Same to Aim Target,Status,Delayed Blast,1.25,—,—,Once,—
,,,,,,,,,,,2,Active,After Step 1,—,Delayed Blast,Circle AOE,Self,centred,Circle 1 hex,4,1,—,—,—,Enemies in area,Attack,Damage,185/275/435% AP,—,—,Once,—
Nautilus,3 Gold,Tank,AP,Bilgewater,,Juggernaut,,1,Knock-Up Anchor,"Riptide: Passive: Gain 40% bonus Armor and Magic Resistance from all sources. Active: Deals magic damage to enemies within two hexes. Knock them up and pull them together, Stunning them for 1.5 seconds. Damage: 150% / 225% / 360%. Stun Duration: 1.5 / 1.5 / 2 seconds",0.1,Passive,Game Start,—,Self,Cast,Self,—,—,1,—,—,—,—,Same to Aim Target,Buff,Armor,40%,Derived,of Armor from all sources,Once,Permanent
,,,,,,,,,,,,,,,,,,,,,,,,,Same to Aim Target,Buff,MR,40%,Derived,of MR from all sources,Once,Permanent
,,,,,,,,,,,1,Active,On Cast,—,Self,Circle AOE,Current,centred,Circle 2 hex,1,1,—,—,—,Enemies in area,Attack,Damage,150/225/360% AP,—,—,Once,—
,,,,,,,,,,,,,,,,,,,,,,,,,Enemies in area,Status,Knock Up,—,—,—,Once,—
,,,,,,,,,,,,,,,,,,,,,,,,,Enemies in area,Status,Stun,—,—,—,Once,1.5/1.5/2
Gangplank,5 Gold,Marksman,AP,Bilgewater,,Gunner,Reaver King,1,Dreadway Admiral,"Cutlass Passive: Gain 50 Armor and Magic Resist. Attacks ignite the target, dealing true damage over 2 seconds.Pistol Passive: Gain 3 range. Attacks grant 5 extra mana. Active: Summon the Dreadway to sail across the board, crashing into the first enemy hit and dealing magic damage in a 3-hex radius. Allies the Dreadway passes through or hits with the crash are empowered by citrus, gaining Attack Speed and immunity to crowd control for 3 seconds. Ignite Damage: 250% / 250% / 2500%. Spell Damage: 450% / 675% / 9001%. Attack Speed: 35% / 50% / 300%",0.1,Passive,Game Start,—,Self,Cast,Self,—,—,1,—,—,—,—,Same to Aim Target,Buff,Armor,50,—,—,Once,Permanent
,,,,,,,,,,,,,,,,,,,,,,,,,Same to Aim Target,Buff,MR,50,—,—,Once,Permanent
,,,,,,,,,,,,,,,,,,,,,,,,,Same to Aim Target,Buff,Range,3,—,—,Once,Permanent
,,,,,,,,,,,0.2,Passive,On Attack,—,Self,Bonus on AA,Current,—,—,1,1,—,—,—,Same to Aim Target,Attack,True Damage,250/250/2500% AP,—,—,Every 0.5s,2
,,,,,,,,,,,,,,,,,,,,,,,,,Self,Buff,Mana,5,—,—,Once,—
,,,,,,,,,,,1,Active,On Cast,—,Self,Charge Summon,Self,—,—,1,—,—,—,—,—,Summon,(summon),—,—,—,Once,—
,,,,,,,,,,,2,Active,After Step 1,—,Summon,Charge,Clustered,default,default,1,1,—,—,—,Allies in path,Buff,Attack Speed,35/50/300%,—,—,Once,3
,,,,,,,,,,,,,,,,,,,,,,,,,Allies in path,Buff,CC Immunity,—,—,—,Once,3
,,,,,,,,,,,3,Active,After Step 2,—,Summon,Circle AOE,Current,centred,Circle 3 hex,1,1,—,—,—,Enemies in area,Attack,Damage,450/675/9001% AP,—,—,Once,—
,,,,,,,,,,,,,,,,,,,,,,,,,Allies in area,Buff,Attack Speed,35/50/300%,—,—,Once,3
,,,,,,,,,,,,,,,,,,,,,,,,,Allies in area,Buff,CC Immunity,—,—,—,Once,3
Naafiri,2 Gold,Fighter,AD,Darkin,Shurima,Challenger,,1,Packmate Duelist,"Passive: Gain 15% Omnivamp. Active (Eviscerate): Deal physical Damage. Darkin Dagger: After casting, summon packmates that attack the first enemy hit for a total of AD. Eviscerate Damage: 175% / 175% / 180% AD. Omnivamp: 15%. Total Packmate Damage: 190% / 195% / 200% AD",0.1,Passive,Game Start,—,Self,Cast,Self,—,—,1,—,—,—,—,Same to Aim Target,Buff,Omnivamp,15%,—,—,Once,Permanent
Naafiri,,Fighter,,,,,,,,,1,Active,On Cast,—,Self,Cast,Current,—,—,1,—,—,—,—,Same to Aim Target,Attack,Damage,175/175/180% AD,—,—,Once,—
Naafiri,,Fighter,,,,,,,,,2,Active,After Step 1,—,Self,Charge Summon,—,—,—,1,—,—,—,—,—,Summon,(summon),—,—,—,Once,—
Naafiri,,Fighter,,,,,,,,,3,Active,After Step 2,—,Summon,Charge [collision=Target-Only],Step 1 Aim target,default,default,1,1,—,—,—,Same to Aim Target,Attack,Damage,190/195/200% AD,—,total across all packmates,Once,—
Milio,1 Gold,Mage,AP,Ixtal,,Invoker,,4,Bouncing-Ball Support,"Kick a ball at the current target that deals magic damage and Stuns for 1.5 seconds. The ball bounces to the closest enemy behind the target, dealing magic damage on impact and magic damage to adjacent enemies.Ball Damage: 220% / 330% / 500%.Bounce Damage: 180% / 270% / 400%.Splash Damage: 90% / 140% / 200%",1,Active,On Cast,—,Self,Homing Projectile,Current,default,default,4,1,—,—,—,Same to Aim Target,Attack,Damage,220/330/500% AP,—,—,Once,—
,,,,,,,,,,,,,,,,,,,,,,,,,Same to Aim Target,Status,Stun,—,—,—,Once,1.5
,,,,,,,,,,,2,Active,On Projectile Hit,—,Step 1 Projectile,Homing Projectile,Closest enemy behind Step 1 Aim target,default,default,4,1,—,—,—,Same to Aim Target,Attack,Damage,180/270/400% AP,—,—,Once,—
,,,,,,,,,,,3,Active,On Projectile Hit,—,Step 2 Projectile,Circle AOE,Step 2 Aim target,centred,Circle 1 hex,4,1,—,—,—,Enemies in area,Attack,Damage,90/140/200% AP,—,—,Once,—
Mordekaiser,4 Gold,Fighter,AP,Noxus,,Slayer,,1,Stat-Stealing Reaper,"Passive: Attacks deal bonus magic damage, increased while God of Death is active. Active: Gain Shield and 1 range for 5 seconds. Killing enemies in this state steals their Health, Attack Damage, Ability Power, Armor, and Magic Resistance until combat ends. Damage: 100% / 150% / 375%. Empowered Damage: 250% / 375% / 900%. Shield: 40% HealthPercent. Stat Steal: 6% / 6% / 15%.",0.1,Passive,On Attack,If not Empowered,Self,Bonus on AA,Current,—,—,1,1,—,—,—,Same to Aim Target,Attack,Damage,100/150/375% AP,—,—,Once,—
,,,,,,,,,,,,,,If Empowered,,,,,,,,,,,Same to Aim Target,Attack,Damage,250/375/900% AP,—,—,Once,—
,,,,,,,,,,,1,Active,On Cast,—,Self,Cast,Self,—,—,1,—,—,—,—,Same to Aim Target,Buff,Shield,40% max HP,—,—,Once,5
,,,,,,,,,,,,,,,,,,,,,,,,,Same to Aim Target,Buff,Range,1,—,—,Once,5
,,,,,,,,,,,2,Active,On Kill,If Empowered,Self,Cast,Current,—,—,1,—,—,—,—,Self,Buff,Bonus HP,6/6/15%,Derived,of the killed enemy's stat,Once,Permanent
,,,,,,,,,,,,,,,,,,,,,,,,,Self,Buff,AD,6/6/15%,Derived,of the killed enemy's stat,Once,Permanent
,,,,,,,,,,,,,,,,,,,,,,,,,Self,Buff,AP,6/6/15%,Derived,of the killed enemy's stat,Once,Permanent
,,,,,,,,,,,,,,,,,,,,,,,,,Self,Buff,Armor,6/6/15%,Derived,of the killed enemy's stat,Once,Permanent
,,,,,,,,,,,,,,,,,,,,,,,,,Self,Buff,MR,6/6/15%,Derived,of the killed enemy's stat,Once,Permanent
Fiora,4 Gold,Fighter,AD,Demacia,,Challenger,,1,Untargetable Duellist,"Blade Waltz: Become untargetable and strike the current target 4 times, prioritizing low-Health targets. Each strike deals 160/160/240% Attack Damage physical damage and 60/90/270% Ability Power true damage. Heal for 15% of the total damage dealt. If the target dies, change targets to the nearest enemy.",1,Active,On Cast,—,Self,Cast,Self,—,—,1,—,—,—,—,Same to Aim Target,Buff,Untargetable,—,—,—,Once,—
,,,,,,,,,,,2,Active,After Step 1,—,Self,QuickAA,Lowest-HP enemy,default,default,1,4,—,Consecutive,—,Same to Aim Target,Attack,Damage,160/160/240% AD,—,—,Once,—
,,,,,,,,,,,,,,,,,,,,,,,,,Same to Aim Target,Attack,True Damage,60/90/270% AP,—,—,Once,—
,,,,,,,,,,,,,,,,,,,,,,,,,Self,Buff,Heal,15%,Derived,of the total damage dealt,Once,—
Quinn,3 Gold,Marksman,AD,Demacia,,Slayer,,4,Marking Skirmisher,"Quinn and Valor: Launch Valor through the row or column with the most enemies, marking them to take 10% Ability Power increased damage for 4 seconds. Then rain down arrows, dealing 550/555/565% Attack Damage physical damage split between all marked enemies.",1,Active,On Cast,—,Self,Pierce Projectile,Row or column with most enemies,default,default,4,1,—,—,—,Enemies in path,Status,Mark,—,—,—,Once,4
,,,,,,,,,,,,,,,,,,,,,,,,,Enemies in path,Debuff,Damage Amplification,10% AP,—,—,Once,4
,,,,,,,,,,,2,Active,After Step 1,—,Self,Cast,Marked enemies,—,—,4,1,—,—,—,Marked enemies,Attack,Damage,550/555/565% AD,—,—,Once,—
Xayah,4 Gold,Marksman,AD,Ionia,,Vanquisher,,4,Feather Volley,"Featherstrike: Summon 7/7/15 feathers that converge on and pierce the current target, dealing 80/80/100% Attack Damage + 15/25/60% Ability Power physical damage. Each feather removes 6 Armor from the first target it hits until the end of combat.Ionia Bonus: Attacks restore 5 additional Mana.",0.1,Passive,On Attack,If Ionia Active,Self,Bonus on AA,Current,—,—,4,1,—,—,—,Self,Buff,Mana,5,—,—,Once,—
,,,,,,,,,,,1,Active,On Cast,—,Self,Gilgamesh Projectile,Current,default,default,4,7/7/15,—,At Once,—,Enemies in path,Attack,Damage,80/80/100% AD + 15/25/60% AP,—,—,Once,—
,,,,,,,,,,,,,,,,,,,,,,,,,First hit enemy,Debuff,DEF,6,Per Stack,each feather removes 6,Once,Permanent

